timestamp,categories,participants,conversation_id
2023-08-24T14:13:14.248Z,"['stress management','chronic inflammation','holistic approaches','mindfulness meditation','yoga','deep breathing exercises','stress-reducing foods']","[{'role':'coach','name':'Luna'},{'role':'client','name':'Samuel'}]","2172bae4-061c-4c4e-9a2e-c5dfc5e805c6
2023-08-24T14:08:45.959Z,"['backpacking','diabetes','nutrition','blood sugar','insulin','hydration']","[{'role':'coach','name':'Marcus'},{'role':'client','name':'Ling'}]","1d2618f4-a7fb-4321-90e6-752eacd4ac8b
2022-01-01T12:00:00Z,"['health','nutrition','wellness']","[{'role':'coach','name':'Carlos'},{'role':'client','name':'Cynthia'}]","047dda4e-1f43-487f-bcfa-aef7f93d9601
2022-10-10T12:00:00Z,"['Celiac disease','Travel','Gluten-free diet']","[{'role':'coach','name':'Sabrina'},{'role':'client','name':'Liam'}]","1dc79a8d-68cc-43a9-b3b7-0a017e1cd239
2021-10-15T14:30:00,"['health','diabetes','nutrition','work-life balance']","[{'role':'client','name':'Keiji'},{'role':'coach','name':'Nora'}]","094fce3c-d925-4b4b-b2a4-2fe5548f6cb2
2021-10-15T12:00:00,"['health','nutrition','exercise','heart health','endurance','hydration']","[{'name':'Ahmed','role':'coach'},{'name':'Anita','role':'client'}]","0758d6f0-0160-4b7c-83f2-33c38b5ade74
2021-10-15T15:30:00Z,"['health','nutrition','exercise','progress tracking']","[{'role':'coach','name':'Jackson'},{'role':'client','name':'Rosa'}]","e0e30ad9-0a70-40b8-b871-69537fd72d4e
2021-10-15T15:30:00Z,"['stress management','exercise','relaxation techniques','mental health']","[{'name':'Faisal','role':'coach'},{'name':'Olena','role':'client'}]","84f1a1bc-9ab1-424b-8721-780dc84ce009
2021-10-15T15:30:00,"['glucose management','cycling','nutrition','energy levels','multi-day rides']","[{'role':'coach','name':'Reina'},{'role':'client','name':'Stefano'}]","d55e85fa-f271-4220-b377-ae7e88d6ac15
2021-10-15T15:30:00Z,"['nutrition','breastfeeding','postpartum thyroiditis','self-care']","[{'name':'Benjamin','role':'coach'},{'name':'Lana','role':'client'}]","5b91013b-a47b-4f4a-967d-23e3eb52636c
2021-10-15T12:00:00Z,"['health','progress','smoking cessation','dietary changes']","[{'name':'Levi','role':'coach'},{'name':'Huma','role':'client'}]","ab7103eb-2489-4b4b-b2eb-a1d116295b29
2022-01-15T10:30:00Z,"['rheumatoid arthritis','symptoms','daily life','diet','lifestyle','inflammation','dietary changes','approaches','restrictions','preferences','processed foods','whole foods','well-being']","[{'name':'Oliver','role':'coach'},{'name':'Emily','role':'client'}]","abe2113d-474e-4d45-bd7d-aaed77252d98
2022-10-15T09:30:00Z,"['health','nutrition','meal plan','progress','challenges','support']","[{'name':'Derek','role':'coach'},{'name':'Rose','role':'client'}]","29ad4e0e-2cdc-40a0-b9dd-d7846021d17c
2021-10-15T09:00:00Z,"['health','fitness','nutrition','progress tracking']","[{'name':'Yosef','role':'coach'},{'name':'Diane','role':'client'}]","70c5448b-0f96-41bb-ad1f-5a59acf89407
2022-09-15T10:00:00,"['health','diabetes management','meal planning','Jewish holidays']","[{'name':'Hana','role':'client'},{'name':'undefined','role':'coach'}]","94cc0ad0-ab6d-4d21-a2b4-bf58ba1c1354
2021-10-15T09:30:00,"['health','fitness','medical history','exercise','dance workouts']","[{'role':'coach','name':'Clarence'},{'role':'client','name':'Rosa'}]","46ff2836-12ed-4516-a3b1-0861b84a9ba3
2021-10-15T12:00:00Z,"['introduction','greeting','background','location','climate','hydration','health','heart health','diet','lifestyle changes','plan']","[{'name':'Olga','role':'coach'},{'name':'Ibrahim','role':'client'}]","d4b6d254-7ce5-4b89-888f-38b68bf6d57a
2021-10-15T12:30:00,"['gluten-free diet','health improvement','lip products']","[{'role':'coach','name':'Patricia'},{'role':'client','name':'Owen'}]","b4fe3b37-2b33-4499-9df0-897f8d1e9f85
2022-10-25T12:00:00Z,"['health','wellness','exercise']","[{'name':'Lukas','role':'coach'},{'name':'Beatrice','role':'client'}]","af04d611-62d2-465a-a26d-1117da1ae7c4
2022-10-15,"['progress uptimestamp','strength training','blood pressure monitoring','positive changes','concerns']","[{'name':'Samira','role':'coach'},{'name':'George','role':'client'}]","1d4efe52-abe1-4e8d-b476-a9ab354c8191
2021-10-15T15:30:00Z,"['health','self-improvement','motivation']","[{'name':'Svetlana','role':'coach'},{'name':'Tim','role':'client'}]","280272b0-4c57-4fea-8235-db0d78227652
2022-09-28T14:30:00Z,"['emotional eating','coping mechanisms','meal planning','progress','support']","[{'role':'coach','name':'Diego'},{'role':'client','name':'Isabella'}]","583e2f14-a303-4c73-9f60-d6b9be8b81d3
2022-01-15T10:30:00Z,"['Ankylosing Spondylitis','Dietary Recommendations','Symptom Management','Exercise','Stress Management']","[{'name':'Aria','role':'coach'},{'name':'Lucas','role':'client'}]","2860dcc3-5c36-442f-a13a-2c6b0144af39
2021-09-15T12:00:00Z,"['health','diet','energy levels','type 1 diabetes','thyroid disorder']","[{'name':'Mia','role':'coach'},{'name':'Kurt','role':'client'}]","68e239f9-b75f-4340-9801-1ad0fe32a22d
2021-10-15T14:30:00Z,"['postpartum weight management','nutrition','exercise','meal planning','support system']","[{'name':'Nathan','role':'coach'},{'name':'Olga','role':'client'}]","262585c7-084a-4d24-841d-e0e08969a9c7
2022-10-20T12:00:00Z,"['health','support','celiac disease','community']","[{'role':'coach','name':'Martin'},{'role':'client','name':'Serena'}]","6b8a69dc-6c51-4786-bb51-78dc68e7ba6f
2021-10-25T12:00:00,"['health','hypertension','blood pressure','diet','exercise','pregnancy']","[{'name':'Zhang','role':'coach'},{'name':'Luisa','role':'client'}]","cb647f8a-5416-473e-b0b3-224547a06614
2022-10-10T12:00:00Z,"['nutrition','wellness','gluten-free','meal plan','progress']","[{'role':'coach','name':'Shanice'},{'role':'client','name':'Caleb'}]","5914c9eb-7f97-45cd-b20d-6d537722da16
2021-09-15T10:30:00Z,"['social situations','gluten-free diet','communication','health and well-being']","[{'role':'coach','name':'Irene'},{'role':'client','name':'George'}]","7433b0ad-8132-4eb6-a3a0-ba5343022059
2021-10-15T14:30:00,"['health','wellness','smoking cessation','weight management']","[{'name':'Fatima','role':'coach'},{'name':'Sergey','role':'client'}]","74171f74-e0d1-4e3f-95e3-b7f0ec16ae1c
2021-10-15T12:00:00Z,"['diabetes','dietary restrictions','health goals','support']","[{'name':'Ivan','role':'coach'},{'name':'Tasha','role':'client'}]","6b06e4d9-feb9-4a5b-816c-2672c3e47e16
2022-01-15T10:30:00Z,"['health','nutrition','exercise','stress management','goal setting']","[{'name':'Bao','role':'coach'},{'name':'Amina','role':'client'}]","bfb7c6de-82d2-441a-abd6-689de2a27465
2021-10-25T15:30:00Z,"['weight gain','lifestyle','eating habits','stress','sleep patterns','goals','coaching']","[{'role':'coach','name':'Hannah'},{'role':'client','name':'Rudy'}]","49dda38f-e521-472f-aceb-fb2229749933
2021-10-15T12:00:00Z,"['health','alternative therapies','kidney health','dietary recommendations']","[{'name':'Hannah','role':'coach'},{'name':'Owen','role':'client'}]","146fced7-a765-42e2-a226-144134c533cb
2022-01-15T10:30:00Z,"['health','diet','iodine intake','thyroid support']","[{'name':'Isabella','role':'coach'},{'name':'Chad','role':'client'}]","b9fe9b63-2167-48e8-a97b-2ebd2732747d
2022-01-01T12:00:00Z,"['introduction','background information','lifestyle','dietary habits','professional athlete','training','diet','hydration','dietary concerns','health issues','kidney problems','protein intake','hydration','blood tests','check-ups','kidney health','monitoring','kidney-friendly foods','dietary adjustments','meal plan','optimization']","[{'role':'coach','name':'Vincenzo'},{'role':'client','name':'Samantha'}]","2608c44f-7b7b-4cb8-8c3e-25a14037f050
2022-10-05T10:30:00,"['health','progress assessment','concerns','side effects','support']","[{'role':'coach','name':'Oliver'},{'role':'client','name':'Joyce'}]","0f8e462e-5baf-41b0-a957-7e1d4246cede
2022-01-15T10:30:00Z,"['health','wellness','addiction','lifestyle']","[{'name':'Olga','role':'coach'},{'name':'Paul','role':'client'}]","e752aac8-c5bb-42e3-bece-fad8b868baf3
2022-10-15T09:30:00Z,"['annual review','nutrition','fitness','progress','health','energy levels','areas of improvement','emotional eating','muscle strength','action steps']","[{'role':'coach','name':'Terrence'},{'role':'client','name':'Zoey'}]","03b955fd-4771-4069-931d-dfa84f3be4e4
2022-10-12T15:30:00,"['health','nutrition','lifestyle','goal-setting','dietary preferences']","[{'role':'coach','name':'Greta'},{'role':'client','name':'Rodrigo'}]","09e9660a-8ab6-47ca-88b9-bad7a713e6dd
2021-10-15,"['diet','lifestyle changes','cravings','hormonal imbalances','dietary changes','hormone balance']","[{'name':'Patrick','role':'coach'},{'name':'Elena','role':'client'}]","78f572c9-90ab-4c24-a0e9-869f77458de1
2022-01-01T12:00:00Z,"['health','nutrition','wellness']","[{'role':'coach','name':'Amara'},{'role':'client','name':'Sasha'}]","9c1d8674-8fca-4a7d-8bc4-07f6d0f18d20
2022-01-15T10:30:00Z,"['Crohn's disease','diet','flare-up','symptoms','health management']","[{'role':'coach','name':'Ravi'},{'role':'client','name':'Clara'}]","193a267a-27cb-4c86-a12c-9079e6307711
2022-01-01T12:00:00,"['recovery','dietary guidelines','weight loss','energy levels','supplements','solid foods','post-op diet plan']","[{'role':'nutritional coach','name':'Nutritional Coach'},{'role':'client','name':'Ahmed'}]","1f936f4c-7229-48fe-8776-96849a1b7c43
2022-01-01T12:00:00Z,"['health','nutrition','diet','support']","[{'name':'Manuel','role':'coach'},{'name':'Priya','role':'client'}]","2172f824-c688-4e96-a80c-959d5a4e30e1
2022-01-01T12:00:00Z,"['stress management','impulse eating','healthy coping mechanisms']","[{'name':'Gloria','role':'coach'},{'name':'Dominic','role':'client'}]","e7ff6ed1-9862-4eb7-ad49-16efa4726a73
2021-09-15 10:00:00,"['cooking','healthy eating','recipe modification']","[{'name':'Theo','role':'coach'},{'name':'Sadia','role':'client'}]","8408c0e3-8bf8-41f0-8103-22d43746b91b
2021-09-28T12:00:00Z,"['diet','health','nutrition','cooking','support']","[{'name':'Maria','role':'coach'},{'name':'Tasha','role':'client'}]","79472971-63f3-4f37-ad6a-70f84dd019ad
2022-01-01T12:00:00Z,"['health','progress','chronic condition','stress management','dietary habits']","[{'role':'coach','name':'Mila'},{'role':'client','name':'Adam'}]","37f6bd19-d104-44e8-806a-652369a7ac70
2022-02-28T12:00:00Z,"['health','nutrition','colitis','food diary','trigger foods']","[{'name':'Grace','role':'coach'},{'name':'Ali','role':'client'}]","09e32a60-536a-4e43-8357-a5859ad1bd06
2022-01-01T12:00:00Z,"['health','goal setting','caffeine reduction','IBS management']","[{'name':'Kwame','role':'coach'},{'name':'Isabelle','role':'client'}]","000890d3-ca87-4fcf-9825-877a1861588b
2022-01-01T12:00:00Z,"['health','nutrition','diet','keto']","[{'role':'coach','name':'Neil'},{'role':'client','name':'Ming'}]","038a4758-29f2-48a1-b88d-a9af221746a6
2022-01-01T09:00:00Z,"['gestational diabetes','pregnancy','self-care','support group']","[{'role':'coach','name':'Juan'},{'role':'client','name':'Bianca'}]","19390b3a-5f3b-43e4-b648-3ba823e2aa4c
2022-10-10T09:00:00Z,"['health','nutrition','blood sugar management','meal planning','portion control','alternative food options']","[{'role':'coach','name':'Deepak'},{'role':'client','name':'Emma'}]","a5ba795e-8331-481e-bac0-1f3f55391212
2021-10-15T09:30:00Z,"['pregnancy','morning sickness','appetite','weight loss','prenatal vitamins','nausea','food tolerance','hydration']","[{'name':'Diego','role':'coach'},{'name':'Molly','role':'client'}]","1b59859a-9e81-45d9-9c50-b94b82bde6fe
2022-01-01T12:00:00Z,"['health','nutrition','veganism','weight loss']","[{'role':'coach','name':'Rhea'},{'role':'client','name':'Pedro'}]","7c44e616-3449-488c-b0fe-38195b5cfe89
2022-01-01T12:00:00Z,"['health','diet','exercise','blood pressure','nutrition']","[{'role':'coach','name':'Rosa'},{'role':'client','name':'Malik'}]","57108e82-da17-459c-acd8-e34c42f75940
2022-01-01T12:34:56Z,"['mental health','eating disorder','goal setting','emotional well-being']","[{'role':'coach','name':'Naveen'},{'role':'client','name':'Sophie'}]","216b587e-229f-48c0-8d9a-3ccb193e8792
2021-10-15T09:30:00Z,"['health','dialysis','fatigue','motivation','dietary changes','exercise']","[{'role':'coach','name':'Ryota'},{'role':'client','name':'Eva'}]","06759796-e6cb-48cc-b099-7189dcb557e9
2022-01-15T09:30:00Z,"['health','diet','symptoms','support']","[{'name':'Liam','role':'coach'},{'name':'Sophia','role':'client'}]","3cb6a05a-d69f-469a-b030-c04e57893505
2021-10-15,"['nutrition','fitness','health','cardiovascular health','high altitude']","[{'name':'Brandon','role':'coach'},{'name':'Ines','role':'client'}]","955be35f-9981-4f3e-acb5-0021148c4c41
2022-10-10,"['health','nutrition','gluten-free','meal planning','recipe modification']","[{'name':'Raj','role':'coach'},{'name':'Sophia','role':'client'}]","02ce4149-965a-4e5b-91c2-2a21b5ab50ee
2022-01-01T12:00:00Z,"['health','nutrition','dietary needs','portion control','support']","[{'role':'coach','name':'Pablo'},{'role':'client','name':'Isabella'}]","632b1960-424d-4702-9cdf-68c68fe40137
2021-10-15T12:30:00Z,"['progress','motivation','strategies','work-life balance','goal setting','support']","[{'name':'Marcel','role':'coach'},{'name':'Rebecca','role':'client'}]","7de19896-9c10-477b-9e70-1a0ef49630ae
2022-01-01T12:00:00Z,"['health','nutrition','progress','support']","[{'role':'coach','name':'Coach'},{'role':'client','name':'Ali'}]","5c23be69-f774-4bfb-9a07-3d366e3c8fcd
2022-01-15T10:30:00Z,"['cross-contamination','dining out','dietary restrictions','food preparation','restaurants','advocate','health','safety','guidance','support']","[{'role':'coach','name':'Gabriel'},{'role':'client','name':'Scarlett'}]","4beecc36-f79f-4187-9bf3-796a835df0a8
2022-01-15T09:00:00Z,"['health','nutrition','symptoms','energy levels','progress']","[{'role':'coach','name':'Ibrahim'},{'role':'client','name':'Rosa'}]","a1461123-d48b-42e6-a31c-be8dccd6c3c9
2022-01-01T12:00:00Z,"['health','medication management','symptoms','support']","[{'role':'coach','name':'Ethan'},{'role':'client','name':'Natalie'}]","b62c87e0-c44c-44b6-ab80-39d9a0dd4df0
2022-10-01T10:30:00,"['health','nutrition','bone health','exercise']","[{'role':'coach','name':'Ahmed'},{'role':'client','name':'Helen'}]","4bfad777-b3e2-4e18-9c4e-509f539818cc
2022-01-01T09:00:00Z,"['fitness','progress','goals','exercise','health']","[{'role':'coach','name':'Carlos'},{'role':'client','name':'Elaine'}]","1e441aed-916e-41dc-80fb-dcdfb7571060
2021-10-15T12:30:00,"['introduction','greeting','location','duration','origin','purpose','medical conditions','dietary restrictions','eating habits','exercise','goals']","[{'role':'coach','name':'Mohammed'},{'role':'client','name':'Xena'}]","d4b8c8cc-9f63-4868-a55a-a4f8f38c4968
2022-10-15,"['support','motivation','setbacks','progress']","[{'name':'Carmen','role':'coach'},{'name':'Connor','role':'client'}]","9b6147f4-81dc-4cb3-9c00-f54f13f65e86
2021-10-15T12:30:00,"['Introduction','Background','Food Preferences','Dietary Concerns','Spicy Foods']","[{'role':'coach','name':'Sylvia'},{'role':'client','name':'Carlos'}]","9cdf6d5c-bf56-45a9-81cf-d9f6e845b83c
2022-01-01T12:00:00Z,"['meal planning','Crohn's disease','diet management','meal planning apps','motivation']","[{'role':'coach','name':'Carmen'},{'role':'client','name':'Farid'}]","0c32dac6-380c-4592-8c37-40187752049f
2022-01-01T12:00:00Z,"['CVD management','Health prioritization','Dietary adjustments','Medication adherence']","[{'role':'coach','name':'Emily'},{'role':'client','name':'Gustavo'}]","b7861b78-6d5e-420f-8ac0-78f04d02238c
2022-01-01T12:00:00Z,"['health improvement','meal planning','blood sugar monitoring','stress management','meal variety']","[{'role':'coach','name':'Sarah'},{'role':'client','name':'Ali'}]","5ad64962-6615-4178-9ce1-cc07c3f6391b
2022-01-01T12:00:00Z,"['mental health','nutrition','postpartum depression','self-care']","[{'name':'Juan','role':'coach'},{'name':'Sophia','role':'client'}]","209e2d5e-0117-41e3-a3bc-2e7f614f5635
2021-10-20T15:30:00Z,"['gratitude','future session','travel','well-being']","[{'role':'coach','name':'Coach'},{'role':'client','name':'Tara'}]","ebb8f309-2fd2-4fd1-8013-4ceb720aeb15
2022-01-01T12:00:00Z,"['health','progress','support']","[{'name':'Eunice','role':'coach'},{'name':'Samuel','role':'client'}]","685eed37-8b0e-4763-a239-b9a2d4e82aea
2022-01-25T15:30:00Z,"['dietary management','gluten-free options','support','positive health changes','plant-based protein sources']","[{'role':'coach','name':'Richard'},{'role':'client','name':'Eva'}]","be2ddc4b-1ad1-4ce5-9726-37303617a3bd
2021-10-15T12:00:00Z,"['nutrition goals','reintroducing foods','fears','balanced diet','portion control','listening to body','building healthy relationship with food','progress and patience']","[{'name':'Simone','role':'coach'},{'name':'Mason','role':'client'}]","46bc764f-c6f3-40e1-891d-d9bf1086f409
2021-10-15T10:30:00Z,"['pregnancy','nutrition','cravings','age','concerns']","[{'role':'coach','name':'Daniella'},{'role':'client','name':'Jade'}]","245f0196-99e9-466a-aff9-9f0b001c3df0
2022-01-01T12:00:00Z,"['pregnancy','labor','natural methods','anxiety']","[{'name':'Sofia','role':'coach'},{'name':'Anna','role':'client'}]","1cd6165d-1712-4b44-a18d-9ba2f8ce735b
2022-04-15T10:30:00Z,"['nutrition','meal planning','fasting','Ramadan','Middle Eastern cuisine']","[{'role':'coach','name':'nutritional coach'},{'role':'client','name':'Mohamed'}]","3a1d441c-46ef-4b96-a4f8-23126d917f0a
2022-01-01 12:00:00,"['nutrition','health','phosphorus','kidney health','energy','digestion','holistic approach','exercise']","[{'role':'coach','name':'Leo'},{'role':'client','name':'Aisha'}]","e435e76f-d09d-4391-a127-1be4997e0292
2022-01-01T12:00:00Z,"['diabetes management','blood sugar control','lifestyle changes','meal planning','progress tracking','support']","[{'role':'coach','name':'Lina'},{'role':'client','name':'Samuel'}]","41ad7eed-767f-4145-a21c-b0ee83d4eb13
2022-01-01T12:00:00Z,"['pregnancy','hypertension','diet','blood pressure','fresh produce','affordability']","[{'role':'coach','name':'Hector'},{'role':'client','name':'Emma'}]","52044231-4c58-4d76-90c9-b230cd31a45c
2022-01-01T12:00:00Z,"['health','dietary recommendations','exercise','cardiovascular disease','stairlift installation']","[{'role':'coach','name':'Leon'},{'role':'client','name':'Eleanor'}]","35947c30-c7b9-4dd9-a0a1-6e11ad8dc98f
2021-10-15T09:30:00Z,"['health','nutrition','pregnancy','support']","[{'name':'Miguel','role':'coach'},{'name':'Yan','role':'client'}]","538066ba-3342-451c-9879-6ca1748c1b5a
2022-01-01T09:00:00Z,"['health','progress','medication','consistency']","[{'role':'coach','name':'Pavel'},{'role':'client','name':'Uzma'}]","3603abb3-6847-482f-a19f-b0384954fa00
2022-01-15T10:30:00Z,"['blood sugar management','dietary changes','portion control','social situations','physical activity']","[{'role':'coach','name':'Cassandra'},{'role':'client','name':'Priya'}]","46c6a2c0-76e8-4350-b49e-d7100cdaa4fb
2022-04-05T09:00:00Z,"['health','medication adherence','blood pressure management','support','routine']","[{'role':'coach','name':'Khalid'},{'role':'client','name':'Vanya'}]","016f462d-35d3-432a-aa5c-c085c935e711
2022-01-15T10:30:00Z,"['mental health','eating habits','stress management','anxiety','self-care']","[{'role':'coach','name':'Natasha'},{'role':'client','name':'Elijah'}]","0f4ed8e3-537d-47c4-a335-45c97de8e05f
2022-03-15T10:30:00Z,"['mental health','eating disorder','self-care','support system']","[{'role':'coach','name':'Jasmine'},{'role':'client','name':'Oliver'}]","92d7f4e8-44b7-4f6b-9191-a0cb379756a2
2021-10-15,"['vegan diet','challenges','Moroccan cuisine','flavor','protein','Mediterranean diet','nutrition']","[{'role':'coach','name':'Delilah'},{'role':'client','name':'Suleiman'}]","b8733556-783f-4760-ba89-82953fd70534
2021-10-15T15:30:00Z,"['health','nutrition','mental well-being','body image','self-care']","[{'role':'coach','name':'Erik'},{'role':'client','name':'Ava'}]","12eaf04b-9fa8-4ef6-b978-46526933ff51
2021-09-28T12:00:00Z,"['health','nutrition','diabetes','dessert alternatives']","[{'role':'coach','name':'Ali'},{'role':'client','name':'Fiona'}]","072df7f7-942e-4846-9f28-b6dc12339a4a
2022-10-10T14:30:00Z,"['pregnancy','health','nutrition','symptoms','support']","[{'name':'Veronica','role':'coach'},{'name':'Sarah','role':'client'}]","18aeae86-57a4-48d7-8660-427afbf3d118
2022-10-28T09:00:00,"['initial consultation','weight gain','lifestyle','sedentary job','diet','portion sizes','goals','eating habits','personalized plan']","[{'name':'Nutritional Coach','role':'coach'},{'name':'Rudy','role':'client'}]","37f68e77-6f04-4faa-9976-c3fc6af08a96
2022-01-01T12:00:00Z,"['health','wellness','behavior change','cravings','smoking cessation','weight management']","[{'role':'coach','name':'Fatima'},{'role':'client','name':'Sergey'}]","9c7e5dd2-ef2d-4278-bcdd-01197e6b583c
2022-01-01T12:00:00Z,"['mental health','body image','nutrition','self-confidence','physical activity']","[{'name':'Ken','role':'coach'},{'name':'Ella','role':'client'}]","66490800-0c0c-45df-adcd-bf6328864342
2021-10-01T10:30:00Z,"['stress management','emotional coping','self-reflection','progress tracking']","[{'role':'coach','name':'Desmond'},{'role':'client','name':'Lucy'}]","3e207685-579b-40fe-9266-4927b938eec0
2022-01-01T12:00:00Z,"['health','wellness','exercise','motivation','goal-setting','support']","[{'role':'coach','name':'Isla'},{'role':'client','name':'Daniel'}]","a402228a-d3c1-4552-b53b-f4e7564ab3fd
2021-10-15T12:00:00Z,"['setback','gluten','accidental exposure','digestive issues','fatigue','brain fog','focus','emotional toll','self-compassion','support','kindness','journey','positive']","[{'name':'Natasha','role':'coach'},{'name':'Oliver','role':'client'}]","7b0952c9-3c2f-46f4-831d-da12e0d331df
2022-01-01T12:00:00Z,"['health','dietary changes','improvement','support','progress tracking']","[{'role':'coach','name':'Charlotte'},{'role':'client','name':'William'}]","3648b1e3-9d5b-4eb5-84c9-81eac991e6df
2022-02-15T15:30:00Z,"['natural thyroid supplements','effectiveness','consultation','healthcare professional','balanced diet','lifestyle changes','medical advice','prioritizing health']","[{'role':'client','name':'Ron'},{'role':'coach','name':'Emma'}]","8279409b-007d-4219-ad4d-05ca18856d34
2022-01-01T12:00:00Z,"['gluten-free diet','celiac disease','Polish cuisine','meal plan']","[{'role':'coach','name':'Heather'},{'role':'client','name':'Isaac'}]","19d689ad-4482-49a1-a4a2-e0a6eb33ed05
2022-01-01T12:00:00Z,"['health','medication','diet','rheumatoid arthritis']","[{'name':'Leo','role':'coach'},{'name':'Grace','role':'client'}]","214cd704-f20c-4f55-ab14-e3744e295eb2
2021-10-15T15:30:00Z,"['gestational diabetes','blood sugar monitoring','meal plan','post-delivery diet','nutrient-dense foods','portion sizes','meal timing','healthy lifestyle']","[{'name':'Alejandro','role':'coach'},{'name':'Eva','role':'client'}]","13b281bb-afae-4d9b-a2f0-8416aaf16436
2021-10-15T14:30:00Z,"['nutrition','health','weight loss','energy levels','bone health']","[{'role':'coach','name':'Nutritional Coach'},{'role':'client','name':'Elsa'}]","b375481c-332d-4c52-b7a0-cdb91ad8cced
2022-01-01T12:00:00Z,"['health','lifestyle changes','support','goal setting']","[{'name':'Hassan','role':'coach'},{'name':'Tessa','role':'client'}]","d9704768-636b-40dc-8f20-aaa8b5d76404
2022-01-01T12:00:00Z,"['health','nutrition','weight management','exercise','support']","[{'role':'coach','name':'Marie'},{'role':'client','name':'Takashi'}]","40e26ad5-3ea3-4530-84a8-9e93b49375d8
2022-03-15T10:30:00Z,"['diabetes management','breastfeeding','blood sugar levels','meal planning','nutrition']","[{'role':'coach','name':'Leonard'},{'role':'client','name':'Nadia'}]","16fe7255-dd7d-42b3-9016-4a34d0ef9ce1
2022-01-01T12:00:00Z,"['positive','interesting','engaging','ethical','law_abiding','entertaining']","[{'role':'coach','name':'William'},{'role':'client','name':'Alicia'}]","ae9266f2-6ecb-4acd-9af6-62f55676ce8e
2022-01-15T10:30:00Z,"['exercise','health','progress','support']","[{'role':'coach','name':'Lidia'},{'role':'client','name':'Winston'}]","ccc293eb-de60-4546-8912-847d40004376
2021-10-15T15:30:00Z,"['diabetes management','meal planning','inspiration','support']","[{'role':'coach','name':'Erik'},{'role':'client','name':'Pari'}]","958abf94-eb43-4a97-b15d-2dee04083d03
2022-01-01T12:00:00Z,"['health','recovery','nutrition','emotional eating','meal planning','lifestyle changes']","[{'role':'coach','name':'Sara'},{'role':'client','name':'Ahmed'}]","15f2710b-2d18-4c41-b1b4-66bce18ecdba
2022-01-01T12:00:00Z,"['health','wellness','fitness','nutrition','weight loss','exercise','support']","[{'name':'Arjun','role':'coach'},{'name':'Nicole','role':'client'}]","20ba11ac-349e-46f6-a69a-49ce577abe64
2022-01-01T12:00:00Z,"['health','nutrition','blood sugar','energy levels','meal planning']","[{'role':'coach','name':'Danielle'},{'role':'client','name':'Yusuf'}]","32e41761-e529-4758-86bf-e84bd9aef62a
2021-10-15T09:00:00,"['health','diet','sleep apnea','weight loss','nutrition']","[{'name':'Emmanuel','role':'coach'},{'name':'Yara','role':'client'}]","b884e303-46c0-40e4-957b-b163b3bf2413
2022-01-01T12:00:00Z,"['nutrition','gluten-free diet','budget-friendly tips']","[{'role':'coach','name':'Linda'},{'role':'client','name':'Finn'}]","64daf550-4313-4521-be25-39cdb7740545
2022-10-10T15:30:00Z,"['health','diet','challenges','traveling']","[{'role':'coach','name':'Nelson'},{'role':'client','name':'Jasmine'}]","91b6e278-c71e-4f69-b294-6c592764ecc9
2022-01-01T12:00:00Z,"['health','nutrition','cravings','hydration','sodium intake']","[{'role':'coach','name':'Tamara'},{'role':'client','name':'Isabella'}]","44cbec45-c0e0-40ab-b01c-7090f2dc3f56
2022-01-01T12:00:00Z,"['health journey','supportive environment','motivation','accountability','positive progress','transformative journey','goal achievement']","[{'name':'Uzoma','role':'coach'},{'name':'Yasmin','role':'client'}]","cc1edba9-dba5-4799-9c72-57ce6c83c7e0
2022-01-01T12:00:00Z,"['health','blood pressure','diet','stress management']","[{'role':'coach','name':'Sun'},{'role':'client','name':'Evan'}]","77d89eae-d7db-4501-baaf-6cb75351c41e
2021-10-20T09:30:00,"['pregnancy','nutrition','health','well-being','cravings']","[{'role':'coach','name':'Louise'},{'role':'client','name':'Aisha'}]","92e0e9a2-5137-456d-86ff-f1335281ecb2
2022-01-01T12:00:00Z,"['introductions','health','dietary restrictions','symptoms management','medical treatment','personalized plan','support']","[{'role':'coach','name':'Fayruz'},{'role':'client','name':'Hans'}]","06c53e2d-89fc-4961-b049-d5f58b3cd48c
2021-09-30T12:00:00Z,"['health','recovery','positive changes','lifestyle','eating habits','exercise','fast food','takeout','diets','weight loss programs','sustainable approach','nutritional coach','support','knowledge','personalized plan','commitment','improving health']","null,f0852c50-6879-42cc-ba51-f054cc9fda63
2022-01-01T12:00:00Z,"['health','wellness','water retention','swelling','remedies','lifestyle changes','exercise','hydration','diet']","[{'role':'coach','name':'Carlos'},{'role':'client','name':'Lisa'}]","cf1e59e7-0896-4baa-ab01-038c3ccef857
2021-09-28T12:00:00Z,"['support','recovery','challenges','mental health','positive mindset']","[{'role':'coach','name':'Faisal'},{'role':'client','name':'Lily'}]","c1b22022-d460-4b3a-8fa4-341e74bca9cf
2021-12-07T12:00:00Z,"['nutrition','lifestyle changes','health','energy levels','cardiovascular health','portion control','balanced diet','saturated fats','trans fats','festivities','support']","[{'role':'coach','name':'Isabella'},{'role':'client','name':'Viktor'}]","397b4014-3de2-4329-8fbd-d9c0f00c1e99
2022-10-15T12:30:00Z,"['medication','mood swings','doctor's advice','dosage adjustment','seeking second opinion','well-being','support','finding a solution']","[{'role':'coach','name':'Lucas'},{'role':'client','name':'Diana'}]","5cdf309d-8cba-40fa-9651-efea7096514d
2022-01-01T12:00:00Z,"['Ayurveda','Diet','Health','Wellness','Support']","[{'name':'Neil','role':'coach'},{'name':'Pooja','role':'client'}]","9fc26f98-40f2-4861-87af-43c8e9f18935
2021-10-15T14:30:00Z,"['nutrition','exercise','cravings','weight management','PCOS','symptoms','support']","[{'name':'Leroy','role':'coach'},{'name':'Li','role':'client'}]","622af57b-bc8a-493d-a8db-c62fa8535886
2022-01-15T10:30:00Z,"['plant-based diet','energy levels','blood sugar control','carbohydrate intake','meal plan','breakfast','protein','lunch','dinner','non-starchy vegetables','portion size','herbs and spices','progress','guidance','support','questions','assistance']","[{'name':'Gregory','role':'coach'},{'name':'Priya','role':'client'}]","6d8f2e4b-52fd-4195-8c9e-a03ac2bbcaf3
2021-10-15T12:00:00Z,"['health','exercise','well-being','heart health','fitness','stress management']","[{'role':'coach','name':'Nasser'},{'role':'client','name':'Li Mei'}]","be5fad83-cacc-4ba4-8ecd-80fe52cc133f
2022-11-25T14:30:00Z,"['eating disorder recovery','meal planning','food fears','holiday season','support','goal setting','mental well-being','physical well-being','challenges','guidance']","[{'role':'coach','name':'Anya'},{'role':'client','name':'Lucas'}]","bc439f34-675c-47fd-bf9c-e7842a3d24be
2022-01-15T10:30:00Z,"['diabetes management','glucose levels','taste-testing','recipes','kitchen','alternatives','artificial sweeteners','natural sweeteners','stevia','monk fruit']","null,a51b978c-4256-457a-886f-dbaae3d3cf4a
2022-08-15T10:30:00Z,"['weight management','nutrition','exercise','self-care','self-acceptance']","[{'role':'coach','name':'Samson'},{'role':'client','name':'Mireille'}]","37db4728-c07b-4ebc-8c1b-2f6ecb89cc03
2022-05-15T10:30:00Z,"['weight management','intermittent fasting','Ramadan','progress','fasting schedule','weight change','calorie consumption','balanced meals','physical activity','light exercises','walking','intensity','workouts','strength training','cardio','muscle building','metabolism','hydration','listening to body','fatigue','sleep','progress tracking','support']","[{'role':'coach','name':'David'},{'role':'client','name':'Shakira'}]","8ee33529-e4de-42e9-af1e-e23161d1d879
2022-01-15T10:30:00,"['health','Graves' disease','symptoms','dietary recommendations','medications','improvements','energy levels','rapid heartbeat','anxiety','holistic approach','nutrition','lifestyle changes','support','well-being','strategies']","[{'role':'coach','name':'Sophia'},{'role':'client','name':'Luis'}]","2504a47e-fe09-4fe9-b910-4c43c346c7fa
2022-10-15T15:30:00Z,"['Behcet's disease','diet management','social life','communication','alternative activities','dietary restrictions','health priority','tasty and healthy alternatives','Italian cuisine','recipes','substitutions']","[{'name':'Zoe','role':'client'},{'name':'Alexander','role':'coach'}]","bc9588b0-80ec-4c1e-a9d8-62d5ef0a7a59
2022-01-15T15:30:00Z,"['health','chronic illness','support']","[{'role':'coach','name':'Jackson'},{'role':'client','name':'Ava'}]","e180cb11-9ce3-4fb3-b3a4-2d03cda15545
2021-10-15T12:30:00Z,"['health','supplements','energy levels']","[{'role':'coach','name':'Jeremiah'},{'role':'client','name':'Gloria'}]","fdadd1ce-d7ed-4233-afe0-ef32425871c5
2022-01-01T12:00:00Z,"['nutrition','health','vegetarian','protein','diabetes']","[{'role':'coach','name':'Grace'},{'role':'client','name':'Dev'}]","c4519bf0-7be0-4203-8c4b-d36a3a98e3b6
2022-01-20T14:30:00Z,"['health','smoking cessation','nutrition','well-being']","[{'role':'coach','name':'Fatima'},{'role':'client','name':'Clint'}]","894d6a60-b84d-4c0f-96a5-e421faa41f46
2022-01-01T12:00:00Z,"['health','nutrition','performance','training']","[{'role':'coach','name':'undefined'},{'role':'client','name':'Ivan'}]","fcabaa83-ad08-4b07-a7d0-eadec97cc6d5
2021-10-25T12:30:00Z,"['stress management','hypertension','health']","[{'role':'coach','name':'Dominic'},{'role':'client','name':'Sara'}]","b7ed5441-240e-46c5-95c5-62c15ab80a97
2021-10-15T15:30:00Z,"['health','nutrition','diabetes','meal planning']","[{'role':'coach','name':'David'},{'role':'client','name':'Siti'}]","f564358d-aa13-4387-a330-825b2bf61d84
2022-01-15T10:30:00Z,"['nutrition','meal planning','energy levels','weight management','meal preparation']","[{'role':'coach','name':'Nutritional Coach'},{'role':'client','name':'Nicole'}]","624b6131-b7d7-4fda-8f8e-0c0074027983
2022-01-15T10:30:00Z,"['health','diet','Crohn's','nutrition']","[{'role':'client','name':'Jermaine'},{'role':'coach','name':'Olena'}]","8fef5733-3dd2-4572-b9f5-aeed626d15a1
2022-01-01T12:00:00Z,"['mindfulness','chronic condition management','stress reduction','emotional control']","[{'role':'coach','name':'Satoshi'},{'role':'client','name':'Layla'}]","c0ba4fe0-7f57-44a4-b830-495759b05cc4
2021-10-15T09:30:00Z,"['progress','challenges','motivation','exercise','healthy eating']","[{'name':'coach','role':'coach'},{'name':'client','role':'client'}]","e3bd227e-1ebf-49d5-8bd0-f0f5edd1f717
2022-01-01T12:00:00Z,"['health','medication','side effects','IBS','support','challenges']","[{'role':'coach','name':'Carlos'},{'role':'client','name':'Thandi'}]","7c7b3e68-0e1b-4c34-b82a-42c05ee314a5
2022-01-01T12:00:00Z,"['emotional support','health','dietary restrictions','multiple sclerosis','support groups']","[{'role':'coach','name':'Logan'},{'role':'client','name':'Mia'}]","9b3dcb8d-aecf-44b0-8d04-1bb76bf359fc
2022-10-15T15:30:00Z,"['anxiety','fear','confidence','isolation','therapy']","[{'role':'coach','name':'Rebecca'},{'role':'client','name':'Lyle'}]","4f2014c0-fa26-45ee-a2ab-13ca6e226eda
2021-10-20T12:00:00Z,"['health','nutrition','diet','weight loss','halal']","[{'name':'Benjamin','role':'coach'},{'name':'Aisha','role':'client'}]","dd73f4e4-a9a4-4816-9de2-362fb7e0d25d
2021-10-15T12:30:00,"['health','vocal performance','cardiovascular disease','nutrition','exercise']","[{'name':'Elena','role':'coach'},{'name':'Darius','role':'client'}]","a1098805-1254-4a2c-9fce-56fad87fd8b2
2021-10-15T15:30:00Z,"['health','weight loss','meal plan','exercise routine','morbid obesity','progress','energy levels','bariatric surgery','lifestyle','support','resources','sustainable plan','improvement','decision','guidance']","null,d0ed8389-9104-45e1-a9e4-91bd14481f40
2022-01-15T15:30:00Z,"['health','bone health','injury prevention','genetics','lifestyle factors','diet','exercise']","[{'role':'coach','name':'Kavita'},{'role':'client','name':'James'}]","2d092987-f702-4cdc-8600-5a1946996f6a
2022-01-01T12:00:00Z,"['health','decision-making','support']","[{'role':'coach','name':'Amelia'},{'role':'client','name':'Frank'}]","fa007c01-b6e1-4823-bad8-406ce27e59f6
2021-10-15T12:00:00Z,"['health','nutrition','exercise','osteoporosis','backaches']","[{'name':'Victor','role':'coach'},{'name':'Faye','role':'client'}]","9bca85be-570c-469d-b36b-11c485b26e80
2021-10-15,"['stress management','eating habits','study habits','exercise','self-care']","[{'name':'Lila','role':'coach'},{'name':'Hassan','role':'client'}]","a19f2df3-6e36-4e84-8468-abd43d600b5a
2022-01-15T10:30:00Z,"['health','nutrition','weight loss','meal planning','self-control']","[{'role':'coach','name':'Marie'},{'role':'client','name':'Takashi'}]","cc16445b-0030-4526-b328-4ba5ed5183c4
2022-10-20T14:30:00,"['health','hypothyroidism','weight management','nutrition','lifestyle']","[{'role':'coach','name':'Maria'},{'role':'client','name':'Donald'}]","456698e3-242c-4e43-9d12-9e216f75ab45
2022-10-10T12:00:00Z,"['health','exercise','progress','commitment']","[{'name':'Alejandro','role':'coach'},{'name':'Anita','role':'client'}]","a55f62b0-b475-403e-b305-5d9506a0f0ed
2022-01-01T12:00:00Z,"['emotional support','self-reflection','resilience','recovery']","[{'role':'coach','name':'Quincy'},{'role':'client','name':'Charlotte'}]","a2ceabef-34a3-4f31-a7cf-d3914876e66e
2022-01-01T12:00:00Z,"['health','arthritis','treatment','progress']","[{'role':'coach','name':'Evelyn'},{'role':'client','name':'Henry'}]","5232d802-a737-42dd-b195-a506402f89cd
2022-01-01T12:00:00Z,"['health','ayurveda','hypertension','lifestyle modifications']","[{'role':'coach','name':'Lakshmi'},{'role':'client','name':'Neil'}]","30470a74-a72f-433c-be0d-ab86ef21566f
2022-01-01T12:00:00Z,"['health','diet','exercise']","[{'role':'coach','name':'Harper'},{'role':'client','name':'David'}]","936778df-3d7e-4e8d-84e7-ea879e28c5c8
2021-10-15T12:00:00Z,"['fitness','progress','motivation','exercise']","[{'name':'Elvira','role':'coach'},{'name':'Nigel','role':'client'}]","2638dee6-0623-4d8e-807c-13899b94ef99
2021-10-15 14:30:00,"['health','well-being','motivation']","[{'role':'coach','name':'Olga'},{'role':'client','name':'Geoffrey'}]","4d2f20b4-7733-4b8b-830e-3c0aa46f4e42
2022-01-01T12:00:00Z,"['health','medication management','blood pressure','symptoms','diet','lifestyle']","[{'name':'Renee','role':'coach'},{'name':'Omar','role':'client'}]","17fe11cd-3d8a-44df-bd10-60fbc082b21d
2021-10-15T09:30:00Z,"['health','habits','caffeine','alcohol','sleep','energy']","[{'role':'coach','name':'Samina'},{'role':'client','name':'Roger'}]","26b2761d-71a2-48da-9ae0-677d84e388ad
2022-01-15T10:30:00Z,"['progress','physical health','diet','baby's growth','support']","[{'role':'coach','name':'Isabella'},{'role':'client','name':'Nadia'}]","f9ee48d2-679f-4053-9f8d-c06935ea3d99
2022-01-15T15:30:00Z,"['health','progress','blood sugar levels','kidney function','clinic','support']","[{'name':'Grace','role':'coach'},{'name':'Mohamed','role':'client'}]","6a7f3dd0-eeb2-4437-a498-9048cb1f9b9c
2022-10-10T10:00:00Z,"['health','diabetes','support','lifestyle','nutrition']","[{'role':'coach','name':'Sergio'},{'role':'client','name':'Mai'}]","96c1b822-6cfc-4940-b054-785346b3e6e0
2021-09-28 10:30:00,"['recovery','anorexia','eating disorder','mental health','support']","[{'name':'Isabel','role':'coach'},{'name':'Liam','role':'client'}]","f23ee2c6-6a2e-4f67-9448-d81a1d31512e
2021-10-15T14:30:00Z,"['Health','Diabetes','Nutrition','Meal Planning']","[{'role':'coach','name':'Antonio'},{'role':'client','name':'Sophie'}]","a7fdf6d5-4720-4238-9605-56a4e42a4194
2022-01-01T12:00:00Z,"['health','nutrition','diet','cooking','progress']","[{'role':'coach','name':'Leah'},{'role':'client','name':'Brendan'}]","b533ae06-5318-4121-b389-5bc6ea6dd92e
2022-10-25T15:30:00Z,"['introductions','location','cultural background','health goals','cooking']","[{'role':'coach','name':'Casper'},{'role':'client','name':'Rhea'}]","26426257-2eee-461a-8a62-0639dea83c59
2022-01-01T12:00:00Z,"['smoking cessation','health improvement','behavioral therapy','support']","[{'role':'coach','name':'Kevin'},{'role':'client','name':'Rita'}]","cfb13f85-12c9-4386-83e1-e7b2a8a48f1a
2022-01-15T09:30:00Z,"['recovery','progress','coping mechanisms','mindfulness','positive changes','support','relapse prevention']","[{'name':'Nadia','role':'coach'},{'name':'Jackson','role':'client'}]","f59f8dc5-83b3-4461-b3ae-50d9db3be309
2022-01-01T12:00:00Z,"['Health','Wellness','Holistic Medicine','Diet','Stress Management']","[{'role':'coach','name':'Maxwell'},{'role':'client','name':'Jing'}]","6b7a3481-525c-4b68-b42c-dea80d212bc8
2021-10-15T14:30:00Z,"['diabetes management','meal plan','blood sugar levels','alcoholic beverages','moderation','support']","[{'role':'coach','name':'Sophia'},{'role':'client','name':'Dmitri'}]","bc8da94d-9c15-4c46-b2f0-20a9123b6d3d
2021-07-15T14:30:00Z,"['diabetes management','healthy lifestyle','stress management']","[{'role':'coach','name':'Victoria'},{'role':'client','name':'Omar'}]","eefbf6aa-99ff-4942-a6a5-8b2828339085
2021-09-15T12:00:00Z,"['health','nutrition','meal plan','energy','blood test results','kidney transplant','doctor's instructions','weight management','blood pressure control','post-surgery recovery','fluid intake','foods to avoid','foods to limit','infection risk','complications','healing','immune support','guidance','support','confidence','preparation','tools','optimization','questions','concerns','positive attitude','work together']","null,76461718-0bca-4a9e-a3a5-38afa971bf84
2022-01-01T12:00:00Z,"['weight loss','health','nutrition','IBS']","[{'role':'coach','name':'Aisha'},{'role':'client','name':'Victor'}]","71ed47b5-8def-4d23-94a7-1f8837cc9ab9
2022-03-15T09:30:00,"['health','kidney function','meal plan','medications','support']","[{'name':'Miguel','role':'coach'},{'name':'Clara','role':'client'}]","60cbec49-c6a0-4e20-b991-8d2f99399b14
2022-01-01T12:00:00Z,"['nutrition','postpartum','well-being','meal preparation','support']","[{'name':'Richard','role':'coach'},{'name':'Pooja','role':'client'}]","890a910c-4d30-43b2-ac56-cb5ecf9202b5
2022-01-15T10:30:00Z,"['health','IBS','symptoms','nutrition','support']","[{'name':'Jumaane','role':'coach'},{'name':'Nina','role':'client'}]","e9ec383f-25b9-4df6-9096-a0d36e951d16
2022-01-01T12:00:00Z,"['health','diet','well-being','support','progress']","[{'name':'Hiroshi','role':'coach'},{'name':'Megan','role':'client'}]","4c9807d1-7759-4851-9130-ae01e6d38ad6
2022-01-15T10:30:00Z,"['health','nutrition','diet','Arab cuisine']","[{'role':'coach','name':'undefined'},{'role':'client','name':'Hassan'}]","e02332c4-64ec-478c-8c1a-4b7a38696578
2021-10-15T15:30:00Z,"['nutrition','alcohol intake','health improvement','meal plan','support']","[{'role':'coach','name':'Nutritional Coach'},{'role':'client','name':'John'}]","dad80cd5-26ba-4caa-8418-18a98103d138
2021-09-28T12:00:00Z,"['introduction','goals','eating habits','dietary restrictions','exercise routine','food preferences','questions/concerns']","null,f88a5da6-cd57-437c-b57b-a39e365eaf97
2022-01-15T10:30:00Z,"['gluten intolerance','food labels','hidden sources of gluten','meal planning','gluten-free options','support','guidance']","null,6c119847-a630-42a3-8602-d81493d466ae
2021-09-15T12:30:00Z,"['heart health','community group','physical activity','healthy lifestyle','strength training']","[{'role':'coach','name':'Ayesha'},{'role':'client','name':'Quincy'}]","0bbb07be-e967-4c11-8e38-c8d8ce59be52
2022-01-15T10:30:00Z,"['blood sugar management','meal planning','nutrition','energy levels','food variety']","[{'role':'coach','name':'undefined'},{'role':'client','name':'Beatrice'}]","7ef309d6-be79-4d41-ac52-c4b87a357a21
2021-09-15T12:00:00Z,"['health','well-being','yoga','stress management']","[{'name':'Ming','role':'coach'},{'name':'Danielle','role':'client'}]","adc133f4-7ae1-4b52-ab12-48c92072e074
2022-10-10T12:00:00Z,"['gluten-free','restaurants','bakeries','recommendations']","[{'name':'Danielle','role':'coach'},{'name':'Henry','role':'client'}]","e684233e-f889-496e-8ab9-5aec0bc381ed
2022-01-15T10:30:00Z,"['health','wellness','medication adherence','stress management']","[{'role':'coach','name':'Eun'},{'role':'client','name':'Josh'}]","27f74e18-7923-4fcc-976b-9d63f082150a
2022-01-15T10:30:00Z,"['health','nutrition','diet','barbecue']","[{'role':'coach','name':'Bethany'},{'role':'client','name':'Eduardo'}]","e0eed312-c423-4900-893a-66dfe9065857
2021-10-15T12:00:00Z,"['Crohn's symptoms','fermented foods','stomach pain','bloating','energetic','spicy foods','trigger','balance','chili peppers','mindful','guidance','progress','journey','occasional indulgences','overall health','next session']","[{'name':'Luca','role':'coach'},{'name':'Wan','role':'client'}]","cdd8a4c3-6843-416a-916d-e251c50bc98f
2021-10-15T12:00:00Z,"['diabetes management','traveling','meal planning','blood sugar monitoring']","[{'name':'Megan','role':'coach'},{'name':'Alejandro','role':'client'}]","a9ebb91a-1261-4e23-8d9f-8796af1e6e3d
2022-10-10T12:00:00Z,"['Celiac disease','Gluten-free diet','Health management']","[{'role':'coach','name':'Jolene'},{'role':'client','name':'Max'}]","89e6edc9-a257-4ce7-9477-3825c551dcc8
2022-10-05T10:00:00,"['health','fitness','hiking','CVD management','nutrition']","[{'role':'coach','name':'Ivan'},{'role':'client','name':'Hazel'}]","dab706de-b288-488a-b320-e509e06107e0
2021-10-15T15:30:00Z,"['health','diagnosis','dietary changes','kidney health','well-being']","[{'role':'coach','name':'Elena'},{'role':'client','name':'Rick'}]","d3326976-61db-41c3-8494-c5f9ac5433b7
2022-01-15T10:30:00Z,"['health','posture','exercise','pain management']","[{'role':'coach','name':'Rosa'},{'role':'client','name':'Lea'}]","4d703a1a-09ab-4375-ba56-be97fc487f49
2022-01-01T12:00:00Z,"['insulin pump','blood sugar management','adjustment period','carbohydrate intake']","[{'role':'coach','name':'Amir'},{'role':'client','name':'Elena'}]","bab998da-9aac-411f-bdfc-c7dcd59e2cf0
2022-01-15T10:30:00Z,"['nutrition','progress','processed foods','cravings','stress','energy levels','hypertension','monitoring','small changes']","[{'role':'coach','name':'Fatima'},{'role':'client','name':'Isaac'}]","4cbc2ea6-4f48-4e5d-ad3c-4119b4a300bc
2022-01-01T12:00:00Z,"['health','nutrition','routine','travel','hypertension','medication']","[{'name':'Simone','role':'coach'},{'name':'David','role':'client'}]","364e9522-1da9-47d3-9e17-336c2292895f
2022-01-01T12:00:00Z,"['mental health','nutrition','stress management']","[{'role':'coach','name':'Derek'},{'role':'client','name':'Kai'}]","6ec1478a-4c40-42a8-aeb9-5e018d6e47eb
2021-10-15T14:30:00,"['nutrition','pregnancy','miscarriage','physical activity','emotional recovery']","[{'name':'Isaac','role':'coach'},{'name':'Lila','role':'client'}]","5c1e72bc-5c72-44cf-a9da-eb8646f83b7f
2022-01-01T12:00:00Z,"['vegetarian diet','protein','supplements','transition','nutrition']","[{'name':'Nutritional Coach','role':'coach'},{'name':'Fiona','role':'client'}]","ac55da67-b166-4963-a179-42849c101bcd
2022-01-01 12:00:00,"['diabetes management','training','energy management','insulin dosage','fueling','hydration']","[{'role':'coach','name':'Anita'},{'role':'client','name':'Khaled'}]","ec4effab-0405-4c13-87d8-eaab30b87742
2022-10-15T15:30:00Z,"['recovery','progress','achievements','exercise','support system','body image','self-esteem','gratitude']","[{'role':'client','name':'Logan'},{'role':'coach','name':'Veronica'}]","4524a582-2125-419a-8ca0-8293bb9fa4ef
2022-01-01T12:00:00Z,"['pregnancy','health','medication','diet','symptoms','concerns']","[{'role':'coach','name':'Fiona'},{'role':'client','name':'Esperanza'}]","6183375a-093b-4701-b73f-3a960ebe1815
2021-11-01T12:30:00Z,"['health','diet','celiac disease','restaurant options']","[{'role':'coach','name':'Scarlett'},{'role':'client','name':'James'}]","9297b1ea-e780-446b-939e-6e07b1bdc0b5
2022-01-15T14:30:00Z,"['health','dietary changes','progress','support system','meal planning']","[{'role':'coach','name':'Jerome'},{'role':'client','name':'Lucia'}]","bada57c9-5e9c-4896-82c8-5c6a09a93c72
2022-01-15T09:30:00Z,"['health','diabetes management','nutrition','pilgrimage']","[{'role':'coach','name':'Michael'},{'role':'client','name':'Layla'}]","673976d9-2b38-44e3-bb5c-03ce4d986b78
2022-01-01T12:00:00Z,"['fitness','training','health','altitude','climbing']","[{'name':'Jamal','role':'coach'},{'name':'Naina','role':'client'}]","50bf2a37-d8da-4c0b-9782-9911ecc56361
2022-03-01T10:30:00Z,"['health','nutrition','kidney health']","[{'role':'coach','name':'Ling'},{'role':'client','name':'Nathan'}]","a5b90b57-2cb2-4975-88b7-be38ced14e83
2022-01-01T12:00:00Z,"['nutrition','health','energy levels','aging']","[{'role':'coach','name':'Nina'},{'role':'client','name':'Oscar'}]","a3716b4b-5d16-4904-89e4-6142b07b4b88
2021-09-30T12:00:00Z,"['diet','IBS management','meal suggestions','food diary','hydration','stress management']","[{'role':'coach','name':'Isra'},{'role':'client','name':'Benjamin'}]","7d9a032b-84ef-43dc-89c7-e42839b800b3
2022-01-01T12:00:00Z,"['pregnancy','nutrition','exercise','health','well-being']","[{'role':'coach','name':'Marco'},{'role':'client','name':'Hannah'}]","3676d854-91c5-4992-b99b-c29bd6472d61
2022-01-01T12:00:00Z,"['health','nutrition','lifestyle','challenges','support']","[{'name':'Gregory','role':'coach'},{'name':'Mala','role':'client'}]","ae539ffc-4ded-47a0-b1e3-746f635b7997
2022-02-28T15:30:00Z,"['Type 2 diabetes management','Winter challenges','Exercise recommendations','Indoor exercises','Food recommendations','Hydration','Blood sugar monitoring','Support and progress tracking']","[{'role':'coach','name':'Michelle'},{'role':'client','name':'Henrik'}]","ab08e392-0aae-4131-a1b1-b6e45605b3fc
2022-01-15T10:30:00Z,"['health','nutrition','diet','lifestyle','Middle Eastern cuisine']","[{'name':'Ava','role':'coach'},{'name':'Omar','role':'client'}]","7c43ed5a-5e23-44c2-be00-ec2d19a3afcf
2021-09-15T12:30:00Z,"['nutrition','lifestyle changes','health','sleep','support']","[{'name':'Luc','role':'coach'},{'name':'Maria','role':'client'}]","7a5856e7-1364-4575-aa37-12044adfa80c
2022-04-15T12:00:00Z,"['bone health','diet','calcium','vitamin D','leafy green vegetables','salmon','sardines','fortified cereals','magnesium','phosphorus','vitamin K','nuts','seeds','whole grains','dark chocolate','consistency','healthy diet']","[{'role':'coach','name':'Grace'},{'role':'client','name':'Martin'}]","32ec6eb5-c934-4f64-aa4a-719d6f168d29
2021-10-15T14:30:00Z,"['health','nutrition','progress tracking']","[{'role':'coach','name':'Amelia'},{'role':'client','name':'Michael'}]","fcc2e1f5-8055-4535-a890-3458f9d78619
2022-01-01T12:00:00Z,"['health','nutrition','diet','kidney health']","[{'role':'coach','name':'Bianca'},{'role':'client','name':'Roberto'}]","3081ff37-9ba6-4c4c-a36c-93be6056ccab
2022-01-01T12:00:00Z,"['nutrition','lifestyle changes','energy levels','well-being','medications','herbal remedies']","[{'role':'coach','name':'Sam'},{'role':'client','name':'Aria'}]","ea0de637-35ff-45c8-b8f1-b76e1300ae91
2021-10-15T15:30:00,"['pregnancy','stress management','baby positioning','relaxation techniques','exercises']","[{'role':'coach','name':'Roberto'},{'role':'client','name':'Mia'}]","baf1a5ec-755b-42db-8750-62dd6c4cdb53
2022-03-15T10:30:00Z,"['health','nutrition','progress','exercise','challenges','support']","[{'role':'coach','name':'Sophie'},{'role':'client','name':'Faisal'}]","6e1762cb-e554-45a9-bb9e-557f9fdda630
2021-10-15T12:30:00,"['diabetes management','physical activity','blood sugar levels','insulin adjustment','hypoglycemia prevention','adrenaline response','data analysis','strategies','passion for dance']","[{'name':'Yasmin','role':'coach'},{'name':'Oscar','role':'client'}]","b975e732-c3bc-44ea-8293-c5f3fcb1deb5
2022-01-10T12:00:00Z,"['health','diet','cardiovascular health','travel']","[{'role':'coach','name':'Mehak'},{'role':'client','name':'Mohammed'}]","ee3b5032-32e9-4402-9965-398358f1c121
2021-10-15T12:00:00Z,"['diet','health','nutrition','support']","[{'name':'Imani','role':'coach'},{'name':'Ken','role':'client'}]","e228baf9-3efc-4578-982a-1821ddfaa350
2022-10-15T15:30:00Z,"['health','lifestyle','nutrition','fitness','weight loss','heart health']","[{'role':'coach','name':'Isabel'},{'role':'client','name':'Francisco'}]","248609a9-a52c-4f76-927c-8665f76e9f8d
2022-10-15T09:30:00Z,"['health','dietary changes','herbal supplements','vasculitis symptoms','treatment plan','inflammation','immune health','complementary support']","[{'role':'client','name':'Lily'},{'role':'coach','name':'Elijah'}]","1676dc51-8d73-4bf4-b27b-251c077d3619
2021-10-15T14:30:00,"['health','diet','sleep','stress management']","[{'role':'coach','name':'Emmanuel'},{'role':'client','name':'Yara'}]","fa8cc372-c3f9-4d99-a85f-4c682315302c
2022-01-15T10:30:00Z,"['self-image','social media','self-confidence','body positivity']","[{'role':'coach','name':'Oscar'},{'role':'client','name':'Zoe'}]","d5d4751a-df4c-45c3-8138-5fb8b1c40b5c
2022-01-15T10:30:00Z,"['nutrition goals','emotional eating','coping mechanisms','gender dysphoria','new recipes','support']","[{'role':'coach','name':'Ahmed'},{'role':'client','name':'Grace'}]","2b543a41-d6af-4595-9351-f83eba28a149
2022-01-15T09:30:00Z,"['diabetes management','healthy eating','blood sugar monitoring','meal planning','snack options']","[{'role':'coach','name':'Rebecca'},{'role':'client','name':'Hussein'}]","8bef52a7-3f9b-4dd2-8ab9-1854d9ea74f1
2022-01-01T09:00:00,"['health','progress','nutrition','support','motivation','accountability']","[{'role':'coach','name':'Lucas'},{'role':'client','name':'Nadia'}]","ccc60343-5889-4bb9-b0ce-35657cf4712d
2022-01-01T09:00:00Z,"['health','weight management','nutrition','hypothyroidism']","[{'role':'coach','name':'Daniel'},{'role':'client','name':'Paula'}]","3a14803c-348a-4932-84ae-f4411eb85196
2022-09-15T10:30:00Z,"['diet','inflammatory conditions','anti-inflammatory','nutrition','health','guidance']","[{'role':'client','name':'Ella'},{'role':'coach','name':'Matthew'}]","f0f27030-7a62-4845-8ba0-0d8f13b7e824
2021-10-15,"['progress','hydration','health','support','guidance']","[{'role':'coach','name':'Matthew'},{'role':'client','name':'Frida'}]","f54cf904-8940-4469-8434-069642c292d7
2022-01-25T14:30:00Z,"['safety precautions','radioactive iodine treatment','personal belongings','hygiene practices','cleaning guidelines']","[{'role':'coach','name':'Harper'},{'role':'client','name':'Roy'}]","eebafe4a-a58a-45db-9c21-40f2182f043b
2022-01-01T12:00:00Z,"['pregnancy','symptoms','iron-rich diet','anemia']","[{'role':'coach','name':'Clara'},{'role':'client','name':'Zainab'}]","e0389ae6-504b-4e39-9236-b54e72e1dcfa
2022-10-05,"['health','well-being','spa therapy','stress management']","[{'name':'Joelle','role':'coach'},{'name':'Ulric','role':'client'}]","29deec23-cf3b-4038-a43b-9b7c2f477a91
2021-10-15,"['nutrition','exercise','progress','energy levels','weight loss','kidney disease','anemia','medications','dietary recommendations','hemoglobin levels','meal plan','health','support','improve','concerns','guidance']","[{'role':'coach','name':'Chioma'},{'role':'client','name':'Lucas'}]","e8587671-e102-47db-80d7-cb00e45d7b9d
2022-01-25T15:30:00Z,"['diet','anxiety','well-being','social situations','clean eating','progress','support']","[{'role':'coach','name':'Lily'},{'role':'client','name':'Hunter'}]","e28939a2-b25a-4984-89f8-9dfba70449c1
2022-01-31T15:30:00Z,"['health','nutrition','lifestyle','sleep','meal planning']","[{'role':'coach','name':'Leila'},{'role':'client','name':'Bea'}]","af207b5b-dee3-46ea-a89e-73e1030f2ad5
2022-03-01T12:00:00Z,"['health','diabetes management','lifestyle','nutrition']","[{'role':'coach','name':'Rebecca'},{'role':'client','name':'Miguel'}]","f662ba1f-596d-4609-bd8a-1b15ef8e0182
2021-10-15T12:00:00Z,"['health','wellness','sleep','medication','relaxation','stress','anxiety']","[{'name':'Noah','role':'coach'},{'name':'Elena','role':'client'}]","f365689e-9f16-4c85-be31-4616a06344c5
2022-05-01T09:30:00,"['postpartum Type 2 diabetes','portion control','cravings','blood sugar levels','fiber-rich foods','mindful eating','support and guidance']","[{'role':'coach','name':'nutritional coach'},{'role':'client','name':'Amina'}]","7fb7e0fa-d23b-478e-83c9-fb9ce18f9568
2022-10-20T09:00:00Z,"['nutrition','health goals','energy levels','well-being','hydration','water intake','tropical climate','heart health','exercise','saturated fats','fish oil supplements','guidance','support']","[{'name':'Raymond','role':'coach'},{'name':'Chantal','role':'client'}]","a69dc40c-355a-4b6c-8939-71be964ed5b9
2021-10-15T10:30:00Z,"['cardiovascular health','dietary changes','support','healthier lifestyle']","[{'role':'coach','name':'Soraya'},{'role':'client','name':'Jake'}]","f0399c44-59f0-42c8-b31c-f7c253292e03
2021-10-15T12:00:00Z,"['gluten-free diet','nutrition','health','eating out','nutrient balance','weight management','thyroid health']","[{'name':'Charlotte','role':'coach'},{'name':'Greg','role':'client'}]","1ab7fdc5-eb3f-480b-9eef-240ea9f3bbc5
2022-10-25T09:00:00Z,"['health','exercise','diet','progress','goals']","[{'role':'coach','name':'Antonio'},{'role':'client','name':'Lakshmi'}]","509d0d7b-4a04-4700-9cdc-80bcdbd89869
2021-10-01T12:00:00Z,"['health','osteoporosis','natural alternatives','side effects','diet','exercise','herbal supplements','doctor consultation']","[{'role':'coach','name':'Angelique'},{'role':'client','name':'Neil'}]","5bb1e229-a243-48a0-9c2e-1a910ccf7a17
2022-01-01T12:00:00Z,"['mental health','medication management','diabetes management']","[{'role':'coach','name':'Helen'},{'role':'client','name':'Mohamed'}]","f7c6c813-14ee-4f2a-aee9-f68b7babd455
2022-01-01T12:00:00Z,"['health','nutrition','fatigue','energy levels','sleep']","[{'role':'coach','name':'Anna'},{'role':'client','name':'Diego'}]","3c624481-0fe6-45ee-8c56-a483723c1ad0
2021-06-15T12:00:00Z,"['weight management','intermittent fasting','Ramadan','progress','well-being','hunger management','cravings','healthy alternatives','weight maintenance','transition']","[{'role':'coach','name':'David'},{'role':'client','name':'Shakira'}]","d465f310-6384-4711-a519-8c941a310df2
2022-01-15T10:30:00Z,"['performance','energy levels','diet','lifestyle','hydration','balanced meal','heart health','cardiovascular exercises']","[{'role':'coach','name':'Christina'},{'role':'client','name':'Kwame'}]","8a938a92-a884-4b88-8a8d-82ed46b7e949
2022-02-15,"['health','winter precautions','cardiovascular health','dietary recommendations','hydration']","[{'role':'coach','name':'Fahmida'},{'role':'client','name':'Oscar'}]","cf81e4ea-035e-4dc3-9c4d-3ea2dae4a1f1
2022-01-01T12:00:00Z,"['diabetes management','yoga','insulin adjustment','blood sugar monitoring','carbohydrate intake']","[{'role':'coach','name':'Raj'},{'role':'client','name':'Aisha'}]","f480e445-208f-4f5a-bd62-c5b942c9a0f4
2022-01-01T12:00:00Z,"['nutrition','health','recovery','energy','well-being']","[{'role':'coach','name':'Nutritional Coach'},{'role':'client','name':'Lucy'}]","b4270da4-29e4-402d-8413-8cadfd000b22
2022-10-28T12:00:00Z,"['nutrition','health','energy levels','spicy foods','cardiovascular health']","[{'role':'coach','name':'Esperanza'},{'role':'client','name':'Joon'}]","90b2732d-6fd1-4a1f-8f52-fa2aa96632d2
2022-03-15T10:30:00Z,"['mental health','body dysmorphia','group therapy','positive body image','eating habits','self-compassion','self-care']","[{'role':'coach','name':'Maria'},{'role':'client','name':'Benjamin'}]","964d7145-7a97-4681-a3aa-0580ae6e675c
2022-09-30T15:30:00Z,"['weight loss','binge eating','emotional triggers','diets','cravings','health improvement','goal setting','plan creation']","[{'name':'Nutritional Coach','role':'coach'},{'name':'Gabriel','role':'client'}]","9623a3e3-abf6-4a1d-83af-70dd8a39ccc6
2021-09-28T14:30:00Z,"['health','nutrition','weight gain','exercise']","[{'role':'coach','name':'Liam'},{'role':'client','name':'Irene'}]","f22f1abc-132b-4ef4-a98d-abf856d1e558
2021-10-15T15:30:00Z,"['health','hypertension','lifestyle','diet','exercise','alcohol consumption','stress management']","[{'name':'James','role':'coach'},{'name':'Liam','role':'client'}]","4d9b6ba7-87da-4ea6-8686-89f409a5e1d5
2022-01-15T12:30:00Z,"['emotional support','strategies for coping with triggers','importance of support system','overcoming challenges']","[{'name':'Daniel','role':'coach'},{'name':'Maya','role':'client'}]","ddc2b75a-eb15-4731-ad04-7a4006f7501b
2022-03-15T09:30:00Z,"['health','nutrition','osteoporosis','lifestyle','eating habits']","[{'role':'coach','name':'Melinda'},{'role':'client','name':'Brian'}]","cc90e4a9-314c-46b3-9f3a-070b472fd995
2022-01-15T10:30:00Z,"['chronic condition','symptoms','overwhelmed','progress','self-care','exercise','stress management']","[{'role':'coach','name':'Benjamin'},{'role':'client','name':'Olivia'}]","a4068856-19b7-496b-873d-16becf7cb24e
2022-01-15T10:30:00Z,"['health','medication','side effects','relaxation techniques','well-being']","[{'role':'coach','name':'Evelyn'},{'role':'client','name':'Sergio'}]","2222e2c4-0442-4c12-acd8-1a6a9b08462a
2022-01-01T12:00:00Z,"['breastfeeding','nutrition','postpartum','health']","[{'role':'coach','name':'Leon'},{'role':'client','name':'Marie'}]","dbd1b6e7-e4e5-45d4-8225-63b593fba2ce
2022-01-15T12:30:00Z,"['health','nutrition','stress management','mindfulness']","[{'name':'Gloria','role':'coach'},{'name':'Dominic','role':'client'}]","be91b47f-5846-4c81-b019-e72510f9f2e7
2022-01-15T10:30:00Z,"['IBS management','Stress management','Self-care','Mindfulness meditation']","[{'role':'coach','name':'Luz'},{'role':'client','name':'Quincy'}]","efb50674-fd94-43ab-9125-1855c517c2d8
2021-09-28T15:30:00Z,"['recovery','support','struggles','setbacks','isolation']","[{'role':'coach','name':'Rosa'},{'role':'client','name':'Caleb'}]","d3c4bd4f-e2f5-4d35-ad23-23bed84d3d86
2022-01-01T12:00:00Z,"['health','nutrition','diabetes','meal planning','halal diet']","[{'role':'coach','name':'Winston'},{'role':'client','name':'Fatimah'}]","d832af6f-b269-4c5d-860a-c82bcde12ee6
2022-01-01T12:00:00Z,"['anxiety','pregnancy','childbirth','support']","[{'name':'Gabriella','role':'coach'},{'name':'Rachel','role':'client'}]","fc401cf1-f410-4363-b280-b37c601f9696
2022-10-20T12:00:00Z,"['diabetes management','blood sugar monitoring','insulin adjustment','meal planning','exercise','diving','pressure and temperature','consultation with healthcare team']","[{'role':'coach','name':'Isabella'},{'role':'client','name':'Karim'}]","72f1e7f3-86b1-4bae-a228-8a24b0b23bd8
2022-01-01T12:00:00Z,"['nutrition','cooking','health','sodium intake','flavor enhancement']","[{'role':'coach','name':'Aiden'},{'role':'client','name':'Sophia'}]","2d479289-d124-40ea-8300-f3ece10ae987
2022-01-15T10:30:00Z,"['health','diet','inflammation','Native American cuisine']","[{'name':'Emma','role':'coach'},{'name':'Ethan','role':'client'}]","b6a6d0c2-5697-429c-8e7c-92d23fef2422
2021-10-15T09:30:00Z,"['Thyroid health','Dietary recommendations','Medication','Stress management','Exercise']","[{'name':'James','role':'coach'},{'name':'Rita','role':'client'}]","7e6099ac-494c-46e3-ac30-35bfb09b883f
2022-10-12T15:30:00,"['motivation','resilience','support','progress','setbacks']","[{'name':'Sebastian','role':'coach'},{'name':'Sophie','role':'client'}]","99431605-0e85-453c-a83d-0d743b9ca44b
2022-07-15T10:30:00Z,"['diabetes management','sleep disruption','insulin sensitivity','diet and nutrition']","[{'name':'Oscar','role':'coach'},{'name':'Elina','role':'client'}]","1c3d9aac-395f-4759-b8cd-f3b545eebe06
2022-05-10T10:30:00Z,"['health','dietary adjustments','hyperthyroidism','treatment','symptoms','dietary recommendations','Jewish dietary restrictions','thyroid health','iodine','selenium','zinc','seafood','nuts','seeds','balanced diet','fruits','vegetables','whole grains','processed foods','caffeine','hydration','support','guidance','health goals']","[{'name':'Aiden','role':'coach'},{'name':'Rachel','role':'client'}]","e2f3c404-1b03-48cd-a625-fde1c78eefeb
2021-10-15 10:30 AM,"['health','exercise','osteoporosis','strength training','safety']","[{'name':'Farah','role':'coach'},{'name':'Edgar','role':'client'}]","9337dd41-5511-4418-9349-7c3e3b480d24
2022-01-01T12:00:00Z,"['health','IBS','dietary changes','symptoms management']","[{'role':'coach','name':'Elena'},{'role':'client','name':'Miguel'}]","18977b86-f578-44a8-98ee-5bd86cd86278
2022-01-01T12:00:00Z,"['health','lifestyle','diet','exercise']","[{'role':'coach','name':'Celeste'},{'role':'client','name':'Tyrone'}]","8f21c722-ca26-41f6-881d-1cc56d904252
2021-10-20T09:00:00Z,"['stress management','stress-reduction techniques','physical activity','relaxation techniques','healthy diet','challenges']","[{'name':'Ananya','role':'coach'},{'name':'Yang','role':'client'}]","559b271f-b7be-4d5f-ba9e-87dd8e53ee5b
2022-01-01T12:00:00Z,"['diabetes management','nutrition','health','support']","[{'role':'coach','name':'Ahmed'},{'role':'client','name':'Svetlana'}]","eca4f3fb-41f0-495b-8062-864a1405dd09
2021-10-15T12:30:00Z,"['health','progress tracking','time management','support']","[{'role':'coach','name':'Marjorie'},{'role':'client','name':'Oscar'}]","f8b1e21f-daaf-4845-9a78-079cbb297eb9
2022-01-01T12:00:00Z,"['nutrition','exercise','PCOS','weight management','insulin levels']","[{'name':'Leroy','role':'coach'},{'name':'Li','role':'client'}]","ed1a369b-c1f9-42fd-b371-2b04af74cd65
2022-01-01T12:00:00Z,"['health','hormone replacement therapy','risks and benefits','symptoms','treatment']","[{'role':'coach','name':'Chloe'},{'role':'client','name':'Rusty'}]","124bf9ba-bb9d-4d36-8ebb-606b73be74f2
2021-09-15T14:30:00Z,"['health','exercise','nutrition','heart condition']","[{'role':'coach','name':'Ibrahim'},{'role':'client','name':'Phoebe'}]","4b756391-145c-455a-8008-95602cc7a882
2022-12-15T09:30:00,"['health','nutrition','blood sugar management','festive holidays','mindful eating','exercise','hydration']","[{'role':'coach','name':'Sasha'},{'role':'client','name':'Diego'}]","69168472-c76a-41f8-9e9b-15ca497258bf
2022-10-15,"['annual review','progress','bone density','exercise','nutrition','challenges','gratitude','guidance','support','overall health']","[{'name':'Jin','role':'coach'},{'name':'Norma','role':'client'}]","6ff8c709-8ead-4967-a335-73b7a577bea4
2022-03-15T14:30:00Z,"['Thyroid management','Health','Nutrition','Exercise','Medication','Stress management']","[{'role':'coach','name':'Alexander'},{'role':'client','name':'Claire'}]","9b551935-c373-47f5-aa08-b0f73ddd5af7
2021-10-15T14:30:00,"['health','PCOS','diet','progress','snacking']","[{'name':'Oscar','role':'coach'},{'name':'Maya','role':'client'}]","833586e2-0986-4e84-ac0a-6fd20e0489a2
2022-01-15T10:30:00Z,"['meal plan','dietary restrictions','Halal food','recipe suggestions','support and guidance']","[{'name':'Benjamin','role':'coach'},{'name':'Aisha','role':'client'}]","d83878bb-c1e1-4277-8f23-760c4e49e067
2022-01-01T12:00:00Z,"['introduction','goals','meal plan','dietary restrictions','training routine','food preferences']","[{'role':'coach','name':'undefined'},{'role':'client','name':'Ricardo'}]","ccb6e47d-bb4d-4338-b69e-87580dbd423f
2022-06-01T09:30:00Z,"['Ramadan','Fasting','Blood sugar control','Meal planning','Exercise','Healthy eating']","[{'role':'coach','name':'Ruth'},{'role':'client','name':'Tariq'}]","93499255-e809-43fc-903b-9f756578b736